{"train/loss": 1.5360054969787598, "train/accuracy": 0.390625, "_timestamp": 1712432375.291084, "_runtime": 23.831982135772705, "_step": 750, "eval/loss": 0.005452097868919373, "eval/total_accuracy": 0.35372, "_wandb": {"runtime": 30}}