{"train/loss": 2.093151807785034, "train/accuracy": 0.21875, "_timestamp": 1712432250.3482182, "_runtime": 50.527592182159424, "_step": 200, "_wandb": {"runtime": 61}}