{"train/loss": 0.8253791928291321, "train/accuracy": 0.703125, "_timestamp": 1712473455.864442, "_runtime": 2324.5293622016907, "_step": 5866, "eval/loss": 0.00782838659286499, "eval/total_accuracy": 0.33764, "_wandb": {"runtime": 2323}}