{"train/loss": NaN, "train/accuracy": 0.234375, "_timestamp": 1712425139.026207, "_runtime": 48.75544595718384, "_step": 100, "_wandb": {"runtime": 64}}