{"train/loss": NaN, "train/accuracy": 0.109375, "_timestamp": 1712432074.1317272, "_runtime": 18.288541316986084, "_step": 500, "eval/loss": NaN, "eval/total_accuracy": 0.20088}