{"train/loss": 1.6912771463394165, "train/accuracy": 0.28125, "_timestamp": 1712474240.98155, "_runtime": 243.35746502876282, "_step": 750, "eval/loss": 0.005571195340156555, "eval/total_accuracy": 0.33852, "_wandb": {"runtime": 266}}