{"train/loss": 2.045480728149414, "train/accuracy": 0.21875, "_timestamp": 1712469520.267616, "_runtime": 29.57036304473877, "_step": 100}