{"train/loss": 2.0359654426574707, "train/accuracy": 0.21875, "_timestamp": 1712431194.0205739, "_runtime": 53.52428483963013, "_step": 200, "_wandb": {"runtime": 66}}